{
    "": {
        "概述":{
            "version":"0.1.3",
            "component":"summarize"
        },
        "安装和CDN": {
            "version":"0.1.3",
            "component":"install"
        },
        "快速开始": {
            "version":"0.1.3",
            "component":"quickStart"
        },
        "参与贡献": {
            "version":"0.1.3",
            "component":"participation"
        },
        "GitHub": {
            "version":"0.1.3",
            "component":"",
            "url":"https://github.com/iuap-design/tinper-bee",
            "icon":"&#xe695"
        },
        "整体概览":{
            "version":"0.1.3",
            "component":""
        },
        "兼容性": {
            "version":"0.1.3",
            "component":"compatibility"
        },
        "国际化": {
            "version":"0.1.3",
            "component":"international"
        },
        "使用注意": {
            "version":"0.1.3",
            "component":"notice"
        },
        "更新日志": {
            "version":"0.1.3",
            "component":"changelog"
        }
    },
    "基础 General": {
        "按钮 Button": {
            "version":"0.1.3",
            "component":"bee-button"
        },
        "图标 Icon":{
            "version":"0.1.0",
            "component":"bee-icon"
        }
    },
    "布局 Layout": {
        "栅格布局 Layout": {
            "version":"0.1.3",
            "component":"bee-layout"
        },
        "页面布局 Page-Layout": {
            "version":"0.1.3",
            "component":"bee-page-layout"
        }
    },
    "工具 Tool": {
        "拖拽 Dnd": {
            "version":"0.1.7",
            "component":"bee-dnd"
        },
        "多语 Locale": {
            "version": "1.1.1",
            "component": "bee-locale"
        }
    },
    "视图 View": {
        "标记 Badge": {
            "version":"0.1.3",
            "component":"bee-badge"
        },
        "按钮组 ButtonGroup": {
            "version":"0.1.3",
            "component":"bee-button-group"
        },
        "进度条 ProgressBar": {
            "version":"0.1.3",
            "component":"bee-progress-bar"
        },
        "状态按钮 LoadingState": {
            "version":"0.1.3",
            "component":"bee-loading-state"
        },
        "展示板 Panel": {
            "version":"0.1.3",
            "component":"bee-panel"
        },
        "磁贴 Tile": {
            "version":"0.1.3",
            "component":"bee-tile"
        },
        "时间轴 Timeline":{
            "version":"0.0.1",
            "component":"bee-timeline"
        },
        "轮播图 Carousel":{
            "version":"0.1.3",
            "component":"bee-carousel"
        },
        "日历 Calendar":{
            "version":"0.1.3",
            "component":"bee-calendar"
        },
        "表格 Table":{
            "version":"0.2.0",
            "component":"bee-table"
        },
        "树形控件 Tree":{
            "version":"0.1.0",
            "component":"bee-tree"
        },
        "折叠 Collapse":{
            "version":"0.1.0",
            "component":"bee-collapse"
        }
    },
    "导航 Navigation": {
        "面包屑 Breadcrumb": {
            "version":"0.1.3",
            "component":"bee-breadcrumb"
        },
        "分页 Pagination": {
            "version":"0.1.3",
            "component":"bee-pagination"
        },
        "标签 Tab": {
            "version":"0.1.3",
            "component":"bee-tabs"
        },
        "下拉按钮 Dropdown": {
            "version":"0.1.3",
            "component":"bee-dropdown"
        },
        "导航栏 Navbar": {
            "version":"0.2.8",
            "component":"bee-navbar"
        },
        "菜单 Menus": {
            "version":"0.1.10",
            "component":"bee-menus"
        },
        "步骤条 Steps":{
            "version":"0.0.4",
            "component":"bee-step"
        },
        "固钉 Affix":{
            "version":"0.1.3",
            "component":"bee-affix"
        },
        "回到顶部 BackTop":{
            "version":"0.1.7",
            "component":"bee-backtop"
        }
    },
    "反馈 Feedback": {
        "模态框 Modal": {
            "version":"0.1.3",
            "component":"bee-modal"
        },
        "通知 Notification": {
            "version":"0.1.3",
            "component":"bee-notification"
        },
        "警告提示 Alert": {
            "version":"0.1.3",
            "component":"bee-alert"
        },
        "气泡弹窗 Popconfirm": {
            "version":"0.0.2",
            "component":"bee-popconfirm"
        },
        "消息提醒 Message": {
            "version":"0.0.2",
            "component":"bee-message"
        },
        "文字提示 Tooltip": {
            "version":"0.1.3",
            "component":"bee-tooltip"
        },
        "加载提示 Loading": {
            "version":"0.1.3",
            "component":"bee-loading"
        },
        "气泡卡片 Popover": {
            "version":"0.1.3",
            "component":"bee-popover"
        }
    },
    "表单 Form": {
        "表单 Form": {
            "version":"0.1.3",
            "component":"bee-form"
        },
        "单选 Radio": {
            "version":"0.1.3",
            "component":"bee-radio"
        },
        "多选 Checkbox": {
            "version":"0.1.3",
            "component":"bee-checkbox"
        },
        "输入框 Input": {
            "version":"0.1.3",
            "component":"bee-form-control"
        },
        "输入框组 InputGroup": {
            "version": "0.1.3",
            "component": "bee-input-group"
        },
        "表单容器 FormGroup": {
            "version": "0.1.3",
            "component": "bee-form-group"
        },
        "开关 Switch": {
            "version":"0.1.3",
            "component":"bee-switch"
        },
        "下拉框 Select": {
            "version":"0.1.3",
            "component":"bee-select"
        },
        "级联菜单 Cascader":{
            "version":"0.1.3",
            "component":"bee-cascader"
        },
        "城市选择 CitySelect":{
            "version":"0.0.3",
            "component":"bee-city-select"
        },
        "上传 Upload":{
            "version":"0.1.3",
            "component":"bee-upload"
        },
        "滑块 Slider":{
            "version":"0.1.3",
            "component":"bee-slider"
        },
        "穿梭框 Transfer":{
            "version":"0.0.3",
            "component":"bee-transfer"
        },
        "数字框 InputNumber":{
            "version":"0.0.8",
            "component":"bee-input-number"
        },
        "时间 TimePicker":{
            "version":"0.1.3",
            "component":"bee-timepicker"
        },
        "日期 DatePicker":{
            "version":"0.1.2",
            "component":"bee-datepicker"
        },
        "评分 Rate":{
            "version":"0.1.3",
            "component":"bee-rate"
        },
        "剪贴板 Clipboard":{
            "version":"0.1.5",
            "component":"bee-clipboard"
        },
        "自动完成 Autocomplete":{
            "version":"0.1.5",
            "component":"bee-autocomplete"
        },
        "搜索 SearchPanel":{
            "version":"0.1.5",
            "component":"bee-search-panel"
        }
    },
    "应用组件": {
        "参照组件": {
            "version":"1.1.1",
            "component":"yyuap-ref"
        },
        "附件管理组件": {
            "version":"0.0.20",
            "component":"ac-upload"
        },
        "多语言输入组件": {
            "version":"0.0.2",
            "component":"ac-input-locale"
        },
        "Bpm流程组件": {
            "version":"0.2.9",
            "component":"yyuap-bpm"  
        },
        "文字滚动组件": {
            "version": "0.0.2",
            "component": "ac-marquee"
        },
        "人力云、内部转移应用组件": {
            "version": "0.0.1",
            "component": "ac-orgcenter-form"
        }
    }
}
