{
    "General": {
            "Button": "0.1.3",
            "Layout": ""
        },
    "view": {
        "Badge": "0.1.3",
        "ProgressBar": "",
        "LoadingState": "",
        "Switch": "",
        "Dropdown": "",
        "Select": "",
        "Panel": ""
    },
    "Navigation": {
        "Breadcrumb": "",
        "Menu": "",
        "Pagination": "",
        "Tab": "",
        "Navbar": ""
    },
    "Feedback": {
        "Modal": "0.1.3",
        "Notification": "",
        "Alert": "0.1.3",
        "Tooltip": "",
        "Loading": "0.1.3"
    },
    "Form":""

}
